{
  "domainAdAccounts": {
    "brasilinvest360": [
      "act_1413103350163135",
      "act_882293934598833",
      "act_2151043688964589"
    ],
    "liliartesanato": [
      "act_1346693590090132",
      "act_1215147304160238"
    ],
    "copablog": [
      "act_1089916753159346",
      "act_774634552135622"
    ],
    "finkerr": [
      "act_1419913519725044"
    ],
    "tramponews": [
      "act_1827711627861134",
      "act_25613872688235811"
    ],
    "rendaplanejada": [
      "act_1573039430491654",
      "act_882759064349903"
    ],
    "roteirofinanceiro": [
      "act_721434103982834",
      "act_1359754112556159",
      "act_2149793862494399"
    ],
    "fieiscatolicos.com.br": [
      "act_25706449522283869",
      "act_917918987420808",
      "act_1225399106281546",
      "act_1558105892089801"
    ],
    "capquestfinance": [
      "act_1584179325931733"
    ],
    "tchindesigns": [
      "act_1588553472152460"
    ],
    "empactsales": [
      "act_1405993217766937"
    ],
    "mifk": [
      "act_1933401917604727",
      "act_1941873743876567"
    ],
    "infonoticiasgeral": [
      "act_2355728011514288",
      "act_2318506365329351"
    ],
    "curtinholink": [
      "act_2889835164553206",
      "act_1383032339752178"
    ],
    "capitalpratico": [
      "act_871826765391601",
      "act_1629241921656849"
    ],
    "planodocapital": [
      "act_1907522063219628",
      "act_2021095362080299"
    ],
    "specialevent101": [
      "act_1508208847581710",
      "act_2745466992467122"
    ],
    "wellnuz": [
      "act_1592585915227821",
      "act_2365055420597806"
    ],
    "naporteiracast": [
      "act_803742839361767",
      "act_919010571084385",
      "act_1674034667095356"
    ],
    "alemdafolha": [
      "act_2148325222587654",
      "act_667192346416613"
    ],
    "juiviral": [
      "act_1747986515878071",
      "act_1443452730529397"
    ],
    "roblesrock": [
      "act_1579104216575498"
    ],
    "noticiasemfocoo": [
      "act_1406997357479123",
      "act_1518074153661151"
    ],
    "portalinvestidor": [
      "act_1198665838288475",
      "act_1424977802612179"
    ],
    "freevagas": [
      "act_1390796916023051",
      "act_877162118423077",
      "act_2047649632448491",
      "act_896513070052953",
      "act_947719314254611",
      "act_1260009809407829"
    ],
    "meskt": [
      "act_1606048190571623",
      "act_1908985106657603"
    ],
    "redeamplo.com": [
      "act_2746660935670965",
      "act_1321406516677304"
    ],
    "mason-designs": [
      "act_903423159525134",
      "act_1606766040302282"
    ],
    "adsinstyle": [
      "act_1419913519725044",
      "act_1577877136778881"
    ],
    "es.fieiscatolicos": [
      "act_25706449522283869"
    ],
    "fieiscatolicos": [
      "act_25706449522283869"
    ],
    "autovillagecarfinance": [
      "act_891704746812446"
    ]
  },
  "domainCosts": {
    "brasilinvest360": 65.71,
    "liliartesanato": 91.23,
    "copablog": 71.37,
    "finkerr": 0,
    "tramponews": 206.41,
    "rendaplanejada": 8.47,
    "roteirofinanceiro": 9.3,
    "fieiscatolicos.com.br": 379.49,
    "capquestfinance": 17.15,
    "tchindesigns": 37.73,
    "empactsales": 43.32,
    "mifk": 0,
    "infonoticiasgeral": 8.17,
    "curtinholink": 8.29,
    "capitalpratico": 39.53,
    "planodocapital": 7.81,
    "specialevent101": 178.46,
    "wellnuz": 8.51,
    "naporteiracast": 98.38,
    "alemdafolha": 0,
    "juiviral": 5.37,
    "roblesrock": 107.23,
    "noticiasemfocoo": 9.63,
    "portalinvestidor": 34.86,
    "freevagas": 663.66,
    "meskt": 78.18,
    "redeamplo.com": 8.2,
    "mason-designs": 1.4,
    "adsinstyle": 3.84,
    "es.fieiscatolicos": 0,
    "fieiscatolicos": 0,
    "autovillagecarfinance": 2.12
  }
}